s撬CD,s{,s撬
1101,kC,Dys
1102,kC,Dysk
1103,kC,Dys
1104,kC,Dys΋
1105,kC,DysL
1106,kC,Dys
1107,kC,Dys
1108,kC,Dysʋ
1109,kC,Dys
1110,kC,Dysc
1202,kC,َs
1203,kC,Ms
1204,kC,s
1205,kC,s
1206,kC,Hs
1207,kC,эLs
1208,kC,ks
1209,kC,[s
1210,kC,〈s
1211,kC,ԑs
1212,kC,Gs
1213,kC,Ϗqs
1214,kC,ts
1215,kC,Ss
1216,kC,ʎs
1217,kC,]ʎs
1218,kC,ԕs
1219,kC,ʎs
1220,kC,mʎs
1221,kC,s
1222,kC,O}s
1223,kC,s
1224,kC,Ύs
1225,kC,s
1226,kC,s
1227,kC,̎us
1228,kC,[s
1229,kC,xǖs
1230,kC,oʎs
1231,kC,bs
1233,kC,ɒBs
1234,kC,kLs
1235,kC,Ύs
1236,kC,kls
1303,kC,ΎSʒ
1304,kC,ΎSVÑ
1331,kC,OSO
1332,kC,OS
1333,kC,Sm
1334,kC,S،Ó
1337,kC,TcSђ
1343,kC,S
1345,kC,SX
1346,kC,CS_
1347,kC,RzS
1361,kC,wRS]
1362,kC,wRSm
1363,kC,wRS򕔒
1364,kC,uS
1367,kC,KSK
1370,kC,IS
1371,kC,vSȒ
1391,kC,qSq
1392,kC,sSs
1393,kC,sS
1394,kC,JSz
1395,kC,cSjZR
1396,kC,cS^둺
1397,kC,cSs
1398,kC,cSΕʒ
1399,kC,cSɒ
1400,kC,cSm
1401,kC,Sa
1402,kC,S
1403,kC,ÉFS
1404,kC,ÉFS_b
1405,kC,ϒOSϒO
1406,kC,ÕSÕ
1407,kC,]sSmؒ
1408,kC,]sS]s
1409,kC,]sSԈ쑺
1423,kC,mSy
1424,kC,mSވ]
1425,kC,mS㍻쒬
1427,kC,[SRm
1428,kC,[S
1429,kC,[SIR
1430,kC,ˌS`
1431,kC,ˌSYP
1432,kC,ˌSV\Ð쒬
1433,kC,JSw
1434,kC,JSʒ
1436,kC,JSJ
1437,kC,JSk
1438,kC,JSc
1452,kC,S鐲
1453,kC,S_y
1454,kC,S
1455,kC,Sz
1456,kC,Sʒ
1457,kC,S쒬
1458,kC,S쒬
1459,kC,Sl
1460,kC,mSxǖ쒬
1461,kC,mSxǖ쒬
1462,kC,mSxǖ쒬
1463,kC,ES芥
1464,kC,Sa
1465,kC,S
1468,kC,S쒬
1469,kC,S[
1470,kC,SЎq{
1471,kC,S쒬
1472,kC,JSy
1481,kC,ьSђ
1482,kC,GS
1483,kC,ϑOSϑO
1484,kC,ϑOSHy
1485,kC,ϑOSRʑ
1486,kC,VSʒ
1487,kC,VSV
1511,kC,@JS
1512,kC,}KSlڕʒ
1513,kC,}KSڕʒ
1514,kC,}KS}K
1516,kC,VSLx
1517,kC,當S當
1518,kC,KSK
1519,kC,KSKxm
1520,kC,VSy
1543,kC,ԑSy
1544,kC,ԑSÕʒ
1545,kC,ΗSΗ
1546,kC,ΗS
1547,kC,ΗS
1549,kC,CSPq{
1550,kC,CSu˒
1552,kC,CSCԒ
1555,kC,ʌSy
1559,kC,ʌSNʒ
1560,kC,ʌS㒬
1561,kC,ʌS
1562,kC,ʌS
1563,kC,ʌSY
1564,kC,ԑS
1571,kC,cSLY
1575,kC,LSs˒
1578,kC,VSV
1581,kC,ES^
1584,kC,cSΒ
1585,kC,ES
1586,kC,ESނ풬
1601,kC,S
1602,kC,S撬
1604,kC,VSV
1607,kC,Y͌SY͒
1608,kC,lSl
1609,kC,yS
1610,kC,SVЂ
1631,kC,͓SX
1632,kC,͓Smy
1633,kC,͓Smy
1634,kC,͓Sǒ
1635,kC,SV
1636,kC,S
1637,kC,͐S莺
1638,kC,͐SD
1639,kC,͐SXʑ
1641,kC,LS
1642,kC,LSL
1643,kC,Sʒ
1644,kC,Src
1645,kC,SL
1646,kC,S{ʒ
1647,kC,S
1648,kC,Sʒ
1649,kC,\SYy
1661,kC,HSH
1662,kC,݌Sݒ
1663,kC,݌Sl
1664,kC,SW
1665,kC,Sq
1667,kC,Sߋ
1668,kC,fSf
1691,kC,tSʊC
1692,kC,WÌSWÒ
1693,kC,WÌSWÒ
1694,kC,ڗSP
2201,X,Xs
2202,X,OOs
2203,X,ˎs
2204,X,Ύs
2205,X,܏쌴s
2206,X,\acs
2207,X,Os
2208,X,ނs
2209,X,s
2210,X,s
2301,X,ÌyS
2303,X,ÌySʒ
2304,X,ÌySHc
2307,X,ÌySOl
2321,X,ÌyS˃
2323,X,ÌyS[Y
2343,X,ÌySډ
2361,X,ÌyS蒬
2362,X,ÌySk
2367,X,ÌyScɊّ
2381,X,kÌyS
2384,X,kÌySߓc
2387,X,kÌyS
2401,X,kSӒn
2402,X,kS˒
2405,X,kSZ˒
2406,X,kSl
2408,X,kSk
2411,X,kSZ
2412,X,kS点
2423,X,kSԒ
2424,X,kSʑ
2425,X,kSԉY
2426,X,kS䑺
2441,X,OˌSO˒
2442,X,OˌS܌˒
2443,X,OˌScq
2445,X,OˌS암
2446,X,OˌSK㒬
2450,X,OˌSV
3201,茧,s
3202,茧,{Îs
3203,茧,Dns
3205,茧,Ԋs
3206,茧,ks
3207,茧,vs
3208,茧,s
3209,茧,֎s
3210,茧,Ocs
3211,茧,Ύs
3213,茧,ˎs
3214,茧,s
3215,茧,Bs
3216,茧,s
3301,茧,SΒ
3302,茧,S
3303,茧,S蒬
3305,茧,S
3321,茧,gSg
3322,茧,gSВ
3366,茧,aSa꒬
3381,茧,_SP蒬
3402,茧,ֈS
3422,茧,ֈS
3441,茧,CSZc
3461,茧,ɌSƒ
3482,茧,ɌSRc
3483,茧,ɌS
3484,茧,ɌSc씨
3485,茧,ɌS㑺
3501,茧,ˌSyĒ
3503,茧,ˌSc
3506,茧,ˌSˑ
3507,茧,ˌSm쒬
3524,茧,ˌS˒
4101,{錧,st
4102,{錧,s{
4103,{錧,sы
4104,{錧,s
4105,{錧,s
4202,{錧,Ίs
4203,{錧,}s
4205,{錧,Cs
4206,{錧,Ύs
4207,{錧,s
4208,{錧,pcs
4209,{錧,s
4211,{錧,s
4212,{錧,oĎs
4213,{錧,Is
4214,{錧,s
4215,{錧,s
4216,{錧,xJs
4301,{錧,cS
4302,{錧,cSh
4321,{錧,ēcS͌
4322,{錧,ēcSc
4323,{錧,ēcSēc
4324,{錧,ēcS蒬
4341,{錧,ɋSېX
4361,{錧,jSj
4362,{錧,jSR
4401,{錧,{S
4404,{錧,{Sl
4406,{錧,{S{
4421,{錧,Sa
4422,{錧,S勽
4424,{錧,St
4444,{錧,SF
4445,{錧,S
4501,{錧,cSOJ
4505,{錧,cS
4581,{錧,S쒬
4606,{錧,{gSO
5201,Hc,Hcs
5202,Hc,\s
5203,Hc,s
5204,Hc,َs
5206,Hc,js
5207,Hc,s
5209,Hc,ps
5210,Hc,R{s
5211,Hc,s
5212,Hc,s
5213,Hc,kHcs
5214,Hc,ɂَs
5215,Hc,ks
5303,Hc,pS⒬
5327,Hc,kHcS㏬m
5346,Hc,R{S
5348,Hc,R{SO풬
5349,Hc,R{S
5361,Hc,HcS܏ڒ
5363,Hc,HcSY
5366,Hc,HcS쒬
5368,Hc,HcS劃
5434,Hc,kS
5463,Hc,YSH㒬
5464,Hc,YS
6201,R`,R`s
6202,R`,đs
6203,R`,߉s
6204,R`,cs
6205,R`,Vs
6206,R`,͍]s
6207,R`,Rs
6208,R`,Rs
6209,R`,s
6210,R`,Vs
6211,R`,s
6212,R`,ԑs
6213,R`,zs
6301,R`,RSRӒ
6302,R`,RSR
6321,R`,RS͖k
6322,R`,RS쒬
6323,R`,RS
6324,R`,RS]
6341,R`,kRSΓc
6361,R`,ŏSR
6362,R`,ŏSŏ㒬
6363,R`,ŏSM`
6364,R`,ŏS^쒬
6365,R`,ŏS呠
6366,R`,ŏS쑺
6367,R`,ŏSˑ
6381,R`,uS
6382,R`,uS쐼
6401,R`,uS
6402,R`,uS钬
6403,R`,uSіL
6426,R`,cSO쒬
6428,R`,cS
6461,R`,OCSV
7201,,s
7202,,Îᏼs
7203,,SRs
7204,,킫s
7205,,͎s
7207,,{s
7208,,쑽s
7209,,ns
7210,,{s
7211,,cs
7212,,쑊ns
7214,,{{s
7301,,ɒBSKܒ
7303,,ɒBS
7308,,ɒBS얓
7322,,BSʑ
7342,,␣SΒ
7344,,␣SVh
7362,,ÌS
7364,,ÌSw}
7367,,ÌS
7368,,ÌSÒ
7402,,떃Sk
7405,,떃SÒ
7407,,떃S֒
7408,,떃Sc㒬
7421,,͏SÍ≺
7422,,͏S쑺
7423,,͏SÒ
7444,,SO
7445,,SR
7446,,Sa
7447,,SÔ
7461,,͌S
7464,,͌S葺
7465,,͌S
7466,,͌S
7481,,SIq
7482,,SՒ
7483,,S
7484,,SL쑺
7501,,ΐSΐ쒬
7502,,ΐSʐ쑺
7503,,ΐSc
7504,,ΐS쒬
7505,,ΐSÓa
7521,,cSOt
7522,,cS쒬
7541,,otSL쒬
7542,,otSt
7543,,otSx
7544,,otS
7545,,otSF
7546,,otSot
7547,,otSQ]
7548,,otS
7561,,nSVn
7564,,nSъڑ
8201,錧,ˎs
8202,錧,s
8203,錧,yYs
8204,錧,É͎s
8205,錧,Ήs
8207,錧,s
8208,錧,Ps
8210,錧,Ȏs
8211,錧,푍s
8212,錧,헤cs
8214,錧,s
8215,錧,ks
8216,錧,}Ԏs
8217,錧,s
8219,錧,vs
8220,錧,Ύs
8221,錧,ЂȂs
8222,錧,s
8223,錧,s
8224,錧,Js
8225,錧,헤{s
8226,錧,߉ώs
8227,錧,}s
8228,錧,Ⓦs
8229,錧,~s
8230,錧,݂s
8231,錧,s
8232,錧,_s
8233,錧,ss
8234,錧,gcs
8235,錧,΂݂炢s
8236,錧,ʎs
8302,錧,S钬
8309,錧,S
8310,錧,S闢
8341,錧,߉όSC
8364,錧,vSq
8442,錧,~SY
8443,錧,~S
8447,錧,~S͓
8521,錧,S㒬
8542,錧,S܉
8546,錧,S
8564,錧,knS
9201,Ȗ،,Fs{s
9202,Ȗ،,s
9203,Ȗ،,Ȗ؎s
9204,Ȗ،,s
9205,Ȗ،,s
9206,Ȗ،,s
9208,Ȗ،,Rs
9209,Ȗ،,^s
9210,Ȗ،,cs
9211,Ȗ،,s
9213,Ȗ،,ߐ{s
9214,Ȗ،,s
9215,Ȗ،,ߐ{GRs
9216,Ȗ،,s
9301,Ȗ،,͓SO쒬
9321,Ȗ،,sS
9342,Ȗ،,FSvq
9343,Ȗ،,FSΖؒ
9344,Ȗ،,FSsL
9345,Ȗ،,FSF꒬
9361,Ȗ،,sSp
9364,Ȗ،,sSؒ
9365,Ȗ،,sS啽
9366,Ȗ،,sS
9367,Ȗ،,sSM
9368,Ȗ،,sSs꒬
9384,Ȗ،,JSJ
9386,Ȗ،,JS
9407,Ȗ،,ߐ{Sߐ{
9411,Ȗ،,ߐ{S߉ϐ쒬
10201,Qn,Os
10202,Qn,s
10203,Qn,ːs
10204,Qn,ɐs
10205,Qn,cs
10206,Qn,cs
10207,Qn,ٗюs
10208,Qn,as
10209,Qn,s
10210,Qn,xs
10211,Qn,s
10212,Qn,݂ǂs
10344,Qn,kQnSY
10345,Qn,kQnSg
10366,Qn,S쑺
10367,Qn,S_
10382,Qn,ÊySmc
10383,Qn,ÊySq
10384,Qn,ÊySÊy
10421,Qn,ȌSV
10424,Qn,ȌS쌴
10425,Qn,ȌSڗ
10426,Qn,ȌSÒ
10427,Qn,ȌSZ
10428,Qn,ȌSR
10429,Qn,ȌSȒ
10443,Qn,SЕi
10444,Qn,Sꑺ
10448,Qn,Sa
10449,Qn,S݂Ȃݒ
10464,Qn,gSʑ
10521,Qn,WySq
10522,Qn,WySa
10523,Qn,WySc
10524,Qn,WyS
10525,Qn,WySWy
11101,ʌ,܎s
11102,ʌ,܎sk
11103,ʌ,܎s{
11104,ʌ,܎s
11105,ʌ,܎s
11106,ʌ,܎s
11107,ʌ,܎sYa
11108,ʌ,܎s
11109,ʌ,܎s΋
11110,ʌ,܎s΋
11201,ʌ,zs
11202,ʌ,FJs
11203,ʌ,s
11206,ʌ,scs
11207,ʌ,s
11208,ʌ,s
11209,ʌ,є\s
11210,ʌ,{s
11211,ʌ,{s
11212,ʌ,Rs
11214,ʌ,ts
11215,ʌ,Rs
11216,ʌ,Hs
11217,ʌ,s
11218,ʌ,[Js
11219,ʌ,s
11221,ʌ,s
11222,ʌ,zJs
11223,ʌ,ns
11224,ʌ,˓cs
11225,ʌ,Ԏs
11226,ʌ,Js
11227,ʌ,s
11228,ʌ,u؎s
11229,ʌ,as
11230,ʌ,Vs
11231,ʌ,s
11232,ʌ,vs
11233,ʌ,k{s
11234,ʌ,s
11235,ʌ,xms
11237,ʌ,Os
11238,ʌ,@cs
11239,ʌ,ˎs
11240,ʌ,Ks
11241,ʌ,߃s
11242,ʌ,s
11243,ʌ,gs
11245,ʌ,ӂݖs
11246,ʌ,s
11301,ʌ,kSɓޒ
11324,ʌ,ԌSOF
11326,ʌ,ԌSјCR
11327,ʌ,ԌSz
11341,ʌ,S쒬
11342,ʌ,SR
11343,ʌ,S쒬
11346,ʌ,S쓇
11347,ʌ,Sg
11348,ʌ,SR
11349,ʌ,SƂ풬
11361,ʌ,S
11362,ʌ,SF쒬
11363,ʌ,SҒ
11365,ʌ,S쒬
11369,ʌ,S
11381,ʌ,ʌS
11383,ʌ,ʌS_쒬
11385,ʌ,ʌS㗢
11408,ʌ,嗢S񋏒
11421,ʌ,kʌSR
11424,ʌ,kʌSkӒ
11425,ʌ,kʌS嗘
11442,ʌ,ʌS{㒬
11446,ʌ,ʌSҊ
11461,ʌ,kSI
11462,ʌ,kSh{
11464,ʌ,kS˒
11465,ʌ,kS
12101,t,ts
12102,t,tsԌ
12103,t,tsы
12104,t,tst
12105,t,ts΋
12106,t,tsl
12202,t,qs
12203,t,ss
12204,t,Ds
12205,t,َRs
12206,t,؍XÎs
12207,t,ˎs
12208,t,cs
12210,t,Όs
12211,t,cs
12212,t,qs
12213,t,s
12215,t,s
12216,t,Kus
12217,t,s
12218,t,Ys
12219,t,ss
12220,t,Rs
12221,t,s
12222,t,䑷qs
12223,t,s
12224,t,PJs
12225,t,NÎs
12226,t,xÎs
12227,t,Ys
12228,t,lXs
12229,t,PYs
12230,t,Xs
12231,t,󐼎s
12232,t,s
12233,t,xs
12234,t,[s
12235,t,xs
12236,t,s
12237,t,Rs
12238,t,ݎs
12239,t,Ԕs
12322,t,׌SX䒬
12325,t,׌Sב
12328,t,׌S{W
12329,t,׌Sh
12342,t,S_蒬
12347,t,SÒ
12349,t,S
12403,t,RS\㗢
12409,t,RSŎR
12410,t,RSŌ
12421,t,S{
12422,t,Sr
12423,t,S
12424,t,Sq
12426,t,S
12427,t,S쒬
12441,t,΋S命쒬
12443,t,΋Sh
12463,t,[S쒬
13101,s,c
13102,s,
13103,s,`
13104,s,Vh
13105,s,
13106,s,䓌
13107,s,nc
13108,s,]
13109,s,i
13110,s,ڍ
13111,s,c
13112,s,cJ
13113,s,aJ
13114,s,
13115,s,
13116,s,L
13117,s,k
13118,s,r
13119,s,
13120,s,n
13121,s,
13122,s,
13123,s,]ː
13201,s,qs
13202,s,s
13203,s,s
13204,s,Os
13205,s,~s
13206,s,{s
13207,s,s
13208,s,zs
13209,s,cs
13210,s,s
13211,s,s
13212,s,s
13213,s,Rs
13214,s,s
13215,s,s
13218,s,s
13219,s,]s
13220,s,as
13221,s,s
13222,s,vĎs
13223,s,Rs
13224,s,s
13225,s,s
13227,s,Hs
13228,s,s
13229,s,s
13303,s,S䒬
13305,s,S̏o
13307,s,Sw
13308,s,S
13361,s,哇
13362,s,
13363,s,V
13364,s,_Ó
13381,s,OO
13382,s,䑠
13401,s,䓇䒬
13402,s,
13421,s,}
14101,_ސ쌧,lsߌ
14102,_ސ쌧,ls_ސ
14103,_ސ쌧,ls
14104,_ސ쌧,ls
14105,_ސ쌧,ls
14106,_ސ쌧,lsۓyPJ
14107,_ސ쌧,lsq
14108,_ސ쌧,ls
14109,_ސ쌧,ls`k
14110,_ސ쌧,ls˒ˋ
14111,_ސ쌧,ls`
14112,_ސ쌧,ls
14113,_ސ쌧,ls΋
14114,_ސ쌧,lsJ
14115,_ސ쌧,lsh
14116,_ސ쌧,ls
14117,_ސ쌧,lst
14118,_ސ쌧,lss}
14131,_ސ쌧,s
14132,_ސ쌧,sK
14133,_ސ쌧,s
14134,_ސ쌧,sË
14135,_ސ쌧,s
14136,_ސ쌧,s{O
14137,_ސ쌧,s
14151,_ސ쌧,͌s΋
14152,_ސ쌧,͌s
14153,_ސ쌧,͌s
14201,_ސ쌧,{s
14203,_ސ쌧,ˎs
14204,_ސ쌧,qs
14205,_ސ쌧,s
14206,_ސ쌧,cs
14207,_ސ쌧,s
14208,_ސ쌧,qs
14209,_ސ쌧,͌s
14210,_ސ쌧,OYs
14211,_ސ쌧,`s
14212,_ސ쌧,؎s
14213,_ސ쌧,as
14214,_ސ쌧,ɐs
14215,_ސ쌧,CVs
14216,_ސ쌧,Ԏs
14217,_ސ쌧,쑫s
14218,_ސ쌧,s
14301,_ސ쌧,OYStR
14321,_ސ쌧,S쒬
14341,_ސ쌧,S钬
14342,_ސ쌧,S{
14361,_ސ쌧,S䒬
14362,_ސ쌧,S䒬
14363,_ސ쌧,Sc
14364,_ސ쌧,SRk
14366,_ސ쌧,SJ
14382,_ސ쌧,S
14383,_ސ쌧,S^ߒ
14384,_ސ쌧,S͌
14401,_ސ쌧,bS쒬
14402,_ސ쌧,bS쑺
15101,V,Vsk
15102,V,Vs
15103,V,Vs
15104,V,Vs]
15105,V,VsHt
15106,V,Vs
15107,V,Vs
15108,V,Vs
15202,V,s
15204,V,Os
15205,V,s
15206,V,Vcs
15208,V,Js
15209,V,Ύs
15210,V,\s
15211,V,s
15212,V,s
15213,V,s
15216,V,s
15217,V,s
15218,V,ܐs
15222,V,zs
15223,V,s
15224,V,ns
15225,V,s
15226,V,싛s
15227,V,ٓs
15307,V,kSĒ
15342,V,SF
15361,V,슗Sc㒬
15385,V,S꒬
15405,V,OSo_蒬
15441,V,kS
15461,V,싛S
15482,V,SÓ쒬
15504,V,HSH
15581,V,DS֐쑺
15586,V,DSY
16201,xR,xRs
16202,xR,s
16204,xR,Îs
16205,xR,Xs
16206,xR,s
16207,xR,s
16208,xR,vgs
16209,xR,s
16210,xR,vs
16211,xR,ːs
16321,xR,VSM
16322,xR,VSs
16323,xR,VSR
16342,xR,VSP
16343,xR,VS
17201,ΐ쌧,s
17202,ΐ쌧,s
17203,ΐ쌧,s
17204,ΐ쌧,֓s
17205,ΐ쌧,Fs
17206,ΐ쌧,s
17207,ΐ쌧,Hs
17209,ΐ쌧,قs
17210,ΐ쌧,Rs
17211,ΐ쌧,\s
17212,ΐ쌧,Xss
17324,ΐ쌧,\Sk
17361,ΐ쌧,͖kSÔ
17365,ΐ쌧,͖kS咬
17384,ΐ쌧,HSu꒬
17386,ΐ쌧,HSBu
17407,ΐ쌧,S\o
17461,ΐ쌧,PS
17463,ΐ쌧,PS\o
18201,䌧,s
18202,䌧,։s
18204,䌧,ls
18205,䌧,s
18206,䌧,Rs
18207,䌧,I]s
18208,䌧,s
18209,䌧,zOs
18210,䌧,s
18322,䌧,gcSi
18382,䌧,Src
18404,䌧,SzO
18423,䌧,OSzO
18442,䌧,OSl
18481,䌧,ьSl
18483,䌧,ьS
18501,䌧,O㒆Sዷ
19201,R,b{s
19202,R,xmgcs
19204,R,ss
19205,R,Rs
19206,R,匎s
19207,R,Bs
19208,R,AvXs
19209,R,kms
19210,R,bs
19211,R,Js
19212,R,쌴s
19213,R,bBs
19214,R,s
19346,R,SsO
19362,R,싐S
19364,R,싐S쒬
19365,R,싐Sg
19366,R,싐S암
19368,R,싐Sxm쒬
19384,R,Sa
19422,R,sSu
19423,R,sSj
19424,R,sSE쑺
19425,R,sSRΑ
19429,R,sS
19430,R,sSxm͌Β
19442,R,ksS
19443,R,ksSOgR
20201,쌧,s
20202,쌧,{s
20203,쌧,cs
20204,쌧,Js
20205,쌧,ѓcs
20206,쌧,zKs
20207,쌧,{s
20208,쌧,s
20209,쌧,ɓߎs
20210,쌧,s
20211,쌧,s
20212,쌧,咬s
20213,쌧,юRs
20214,쌧,s
20215,쌧,Ks
20217,쌧,vs
20218,쌧,Ȏs
20219,쌧,s
20220,쌧,ܖs
20303,쌧,썲vSC
20304,쌧,썲vS㑺
20305,쌧,썲vSq
20306,쌧,썲vS쑊ؑ
20307,쌧,썲vSkؑ
20309,쌧,썲vSv䒬
20321,쌧,kvSy
20323,쌧,kvSc
20324,쌧,kvSȒ
20349,쌧,Sؑ
20350,쌧,Sa
20361,쌧,zKSzK
20362,쌧,zKSxm
20363,쌧,zKS
20382,쌧,ɓߌSC쒬
20383,쌧,ɓߌS֒
20384,쌧,ɓߌSѓ
20385,쌧,ɓߌS얥֑
20386,쌧,ɓߌS쑺
20388,쌧,ɓߌS{c
20402,쌧,ɓߌS쒬
20403,쌧,ɓߌSX
20404,쌧,ɓߌS쒬
20407,쌧,ɓߌSq
20409,쌧,ɓߌSJ
20410,쌧,ɓߌSH
20411,쌧,ɓߌS
20412,쌧,ɓߌSؑ
20413,쌧,ɓߌSV
20414,쌧,ɓߌSו
20415,쌧,ɓߌSؑ
20416,쌧,ɓߌSLu
20417,쌧,ɓߌS厭
20422,쌧,ؑ]S㏼
20423,쌧,ؑ]Sؑ]
20425,쌧,ؑ]Sؑc
20429,쌧,ؑ]Sꑺ
20430,쌧,ؑ]SK
20432,쌧,ؑ]Sؑ]
20446,쌧,}Sё
20448,쌧,}S⑺
20450,쌧,}SR`
20451,쌧,}S
20452,쌧,}S}k
20481,쌧,k܌Src
20482,쌧,k܌S쑺
20485,쌧,k܌Sn
20486,쌧,k܌SJ
20521,쌧,ȌS钬
20541,쌧,㍂Sz{
20543,쌧,㍂SR
20561,쌧,SRm
20562,쌧,Sؓ
20563,쌧,S򉷐
20583,쌧,㐅SMZ
20588,쌧,㐅S쑺
20590,쌧,㐅Sэj
20602,쌧,Sh
21201,򕌌,򕌎s
21202,򕌌,_s
21203,򕌌,Rs
21204,򕌌,s
21205,򕌌,֎s
21206,򕌌,Ðs
21207,򕌌,Zs
21208,򕌌,Qs
21209,򕌌,Hs
21210,򕌌,bߎs
21211,򕌌,ZΎs
21212,򕌌,ys
21213,򕌌,es
21214,򕌌,s
21215,򕌌,Rs
21216,򕌌,s
21217,򕌌,ˎs
21218,򕌌,{s
21219,򕌌,Ss
21220,򕌌,Cs
21221,򕌌,CÎs
21302,򕌌,HS쒬
21303,򕌌,HS}
21341,򕌌,{VS{V
21361,򕌌,sjS䒬
21362,򕌌,sjSփP
21381,򕌌,S_˒
21382,򕌌,S֔V
21383,򕌌,S
21401,򕌌,KSK쒬
21403,򕌌,KS쒬
21404,򕌌,KSrc
21421,򕌌,{Sk
21501,򕌌,ΌSj
21502,򕌌,ΌSx
21503,򕌌,ΌSӒ
21504,򕌌,ΌS@
21505,򕌌,ΌSSÒ
21506,򕌌,ΌS쒬
21507,򕌌,ΌS쑺
21521,򕌌,S䐓
21604,򕌌,S쑺
22101,É,És
22102,É,Ésx͋
22103,É,És
22131,É,ls
22132,É,ls
22133,É,ls
22134,É,ls
22135,É,lsk
22136,É,lslk
22137,É,lsV
22203,É,Îs
22205,É,MCs
22206,É,Os
22207,É,xm{s
22208,É,ɓs
22209,É,cs
22210,É,xms
22211,É,֓cs
22212,É,ĒÎs
22213,É,|s
22214,É,}s
22215,É,as
22216,É,܈s
22219,É,cs
22220,É,s
22221,É,ΐs
22222,É,ɓs
22223,É,Os
22224,É,es
22225,É,ɓ̍s
22226,É,qVs
22301,É,ΌSɓ
22302,É,ΌS͒Ò
22304,É,ΌSɓ
22305,É,ΌS蒬
22306,É,ΌSɓ
22325,É,cS쒬
22341,É,xS
22342,É,xS
22344,É,xSR
22361,É,xmSŐ쒬
22424,É,YSgc
22429,É,YS썪{
22461,É,qSX
22503,É,lSV
23101,m,És
23102,m,És
23103,m,Ésk
23104,m,És
23105,m,És
23106,m,És
23107,m,Ésa
23108,m,És
23109,m,ÉsMc
23110,m,És
23111,m,És`
23112,m,És
23113,m,ÉsR
23114,m,És΋
23115,m,És
23116,m,ÉsV
23201,m,Ls
23202,m,s
23203,m,{s
23204,m,ˎs
23205,m,cs
23206,m,ts
23207,m,Ls
23208,m,Ós
23209,m,ɓs
23210,m,Js
23211,m,Lcs
23212,m,s
23213,m,s
23214,m,Ss
23215,m,Rs
23216,m,튊s
23217,m,]s
23219,m,qs
23220,m,s
23221,m,Vs
23222,m,Cs
23223,m,{s
23224,m,ms
23225,m,ms
23226,m,s
23227,m,ls
23228,m,qs
23229,m,Ls
23230,m,is
23231,m,cs
23232,m,s
23233,m,{s
23234,m,kÉs
23235,m,xs
23236,m,݂悵s
23237,m,܎s
23238,m,vs
23302,m,mS
23304,m,mSv蒬
23342,m,tSLR
23361,m,OHS
23362,m,OHS}K
23424,m,CS厡
23425,m,CSI]
23427,m,CS򓇑
23441,m,mSv䒬
23442,m,mSY
23445,m,mSm
23446,m,mSl
23447,m,mSL
23481,m,SF
23482,m,Sgǒ
23483,m,S
23501,m,zcSKc
23561,m,k݊yS݊y
23562,m,k݊ySh
23563,m,k݊ySL
24201,Od,Îs
24202,Od,lss
24203,Od,ɐs
24204,Od,s
24205,Od,Ks
24207,Od,鎭s
24208,Od,s
24209,Od,hs
24210,Od,TRs
24211,Od,Hs
24212,Od,Fs
24214,Od,Ȃ׎s
24215,Od,us
24216,Od,ɉs
24303,Od,KSؑ]
24324,Od,ٌS
24341,Od,OdSԖ쒬
24343,Od,OdS
24344,Od,OdSz
24441,Od,CSC
24442,Od,CSa
24443,Od,CS䒬
24461,Od,xSʏ钬
24470,Od,xSx
24471,Od,xSI
24472,Od,xSɐ
24543,Od,kKSIk
24561,Od,어KSl
24562,Od,어KSI
25201,ꌧ,Îs
25202,ꌧ,Fs
25203,ꌧ,ls
25204,ꌧ,ߍ]s
25206,ꌧ,Îs
25207,ꌧ,Rs
25208,ꌧ,Is
25209,ꌧ,bs
25210,ꌧ,Fs
25211,ꌧ,Γs
25212,ꌧ,s
25213,ꌧ,ߍ]s
25214,ꌧ,Čs
25381,ꌧ,Sy
25383,ꌧ,S쒬
25384,ꌧ,S
25425,ꌧ,mS
25441,ꌧ,SL
25442,ꌧ,Sbǒ
25443,ꌧ,S꒬
26101,s{,ssk
26102,s{,ss㋞
26103,s{,ss
26104,s{,ss
26105,s{,ssR
26106,s{,ss
26107,s{,ss
26108,s{,ssE
26109,s{,ss
26110,s{,ssRȋ
26111,s{,ss
26201,s{,mRs
26202,s{,ߎs
26203,s{,s
26204,s{,Fs
26205,s{,{Îs
26206,s{,Ts
26207,s{,zs
26208,s{,s
26209,s{,s
26210,s{,s
26211,s{,cӎs
26212,s{,Os
26213,s{,Os
26214,s{,ؒÐs
26303,s{,PSR蒬
26322,s{,vSvR
26343,s{,ԊS蒬
26344,s{,ԊSFc
26364,s{,yS}u
26365,s{,ySa
26366,s{,ySؒ
26367,s{,ySR鑺
26407,s{,DSOg
26463,s{,^ӌSɍ
26465,s{,^ӌS^Ӗ쒬
27102,{,ss
27103,{,s
27104,{,sԋ
27106,{,s
27107,{,s`
27108,{,s吳
27109,{,sV
27111,{,sQ
27113,{,s
27114,{,s
27115,{,s
27116,{,s
27117,{,s
27118,{,s铌
27119,{,s{
27120,{,sZg
27121,{,sZg
27122,{,s
27123,{,s
27124,{,sߌ
27125,{,sZV]
27126,{,s
27127,{,sk
27128,{,s
27141,{,s
27142,{,s
27143,{,s
27144,{,s
27145,{,s
27146,{,sk
27147,{,s
27202,{,ݘacs
27203,{,Ls
27204,{,rcs
27205,{,cs
27206,{,Îs
27207,{,Ύs
27208,{,Lˎs
27209,{,s
27210,{,s
27211,{,؎s
27212,{,s
27213,{,򍲖s
27214,{,xcюs
27215,{,Qs
27216,{,͓s
27217,{,s
27218,{,哌s
27219,{,as
27220,{,ʎs
27221,{,s
27222,{,Hgs
27223,{,^s
27224,{,ےÎs
27225,{,Ύs
27226,{,䎛s
27227,{,s
27228,{,s
27229,{,ls
27230,{,s
27231,{,㋷Rs
27232,{,s
27301,{,OS{
27321,{,L\SL\
27322,{,L\S\
27341,{,kS
27361,{,SF撬
27362,{,ScK
27366,{,S
27381,{,͓Sq
27382,{,͓S͓쒬
27383,{,͓S瑁ԍ㑺
28101,Ɍ,_ˎs
28102,Ɍ,_ˎs
28105,Ɍ,_ˎsɋ
28106,Ɍ,_ˎsc
28107,Ɍ,_ˎs{
28108,Ɍ,_ˎs
28109,Ɍ,_ˎsk
28110,Ɍ,_ˎs
28111,Ɍ,_ˎs
28201,Ɍ,PHs
28202,Ɍ,s
28203,Ɍ,Ύs
28204,Ɍ,{s
28205,Ɍ,F{s
28206,Ɍ,s
28207,Ɍ,ɒOs
28208,Ɍ,s
28209,Ɍ,Ls
28210,Ɍ,Ðs
28212,Ɍ,ԕs
28213,Ɍ,es
28214,Ɍ,ˎs
28215,Ɍ,O؎s
28216,Ɍ,s
28217,Ɍ,쐼s
28218,Ɍ,s
28219,Ɍ,Ocs
28220,Ɍ,s
28221,Ɍ,OgRs
28222,Ɍ,{s
28223,Ɍ,Ogs
28224,Ɍ,삠킶s
28225,Ɍ,s
28226,Ɍ,WHs
28227,Ɍ,s
28228,Ɍ,s
28229,Ɍ,̎s
28301,Ɍ,ӌS쒬
28365,Ɍ,S
28381,Ɍ,ÌS
28382,Ɍ,ÌSd
28442,Ɍ,_Ss쒬
28443,Ɍ,_S蒬
28446,Ɍ,_S_͒
28464,Ɍ,KیSq
28481,Ɍ,ԕSS
28501,Ɍ,pSp
28585,Ɍ,S
28586,Ɍ,SV
29201,ޗǌ,ޗǎs
29202,ޗǌ,acs
29203,ޗǌ,aSRs
29204,ޗǌ,Vs
29205,ޗǌ,s
29206,ޗǌ,s
29207,ޗǌ,ܞs
29208,ޗǌ,䏊s
29209,ޗǌ,s
29210,ޗǌ,Ŏs
29211,ޗǌ,s
29212,ޗǌ,FɎs
29322,ޗǌ,RӌSRY
29342,ޗǌ,SQ
29343,ޗǌ,SO
29344,ޗǌ,S
29345,ޗǌ,Sg
29361,ޗǌ,S쐼
29362,ޗǌ,SO
29363,ޗǌ,Sc{
29385,ޗǌ,FɌS]
29386,ޗǌ,FɌS
29401,ޗǌ,sS撬
29402,ޗǌ,sS
29424,ޗǌ,kSq
29425,ޗǌ,kS
29426,ޗǌ,kSL˒
29427,ޗǌ,kS͍
29441,ޗǌ,gSg쒬
29442,ޗǌ,gS嗄
29443,ޗǌ,gSs
29444,ޗǌ,gSꑺ
29446,ޗǌ,gSV쑺
29447,ޗǌ,gS씗쑺
29449,ޗǌ,gS\Ð쑺
29450,ޗǌ,gSkR
29451,ޗǌ,gSkR
29452,ޗǌ,gS㑺
29453,ޗǌ,gSg쑺
30201,a̎R,a̎Rs
30202,a̎R,Cs
30203,a̎R,{s
30204,a̎R,Lcs
30205,a̎R,Vs
30206,a̎R,cӎs
30207,a̎R,V{s
30208,a̎R,I̐s
30209,a̎R,os
30304,a̎R,CSI쒬
30341,a̎R,ɓsS炬
30343,a̎R,ɓsSxR
30344,a̎R,ɓsS쒬
30361,a̎R,LcS
30362,a̎R,LcSL쒬
30366,a̎R,LcSLc쒬
30381,a̎R,Sl
30382,a̎R,S
30383,a̎R,SRǒ
30390,a̎R,S쒬
30391,a̎R,S݂Ȃג
30392,a̎R,S쒬
30401,a̎R,KSl
30404,a̎R,KSxc
30406,a̎R,KSݒ
30421,a̎R,KSߒqY
30422,a̎R,KSn
30424,a̎R,KSÍ쒬
30427,a̎R,KSkR
30428,a̎R,KS{
31201,挧,s
31202,挧,Ďqs
31203,挧,qgs
31204,挧,`s
31302,挧,S
31325,挧,S
31328,挧,Sq
31329,挧,S
31364,挧,SO
31370,挧,Sl
31371,挧,SՉY
31372,挧,Skh
31384,挧,SgÑ
31386,挧,SR
31389,挧,S암
31390,挧,S˒
31401,挧,S쒬
31402,挧,S쒬
31403,挧,S]{
32201,,]s
32202,,lcs
32203,,o_s
32204,,vcs
32205,,cs
32206,,s
32207,,]Îs
32209,,_s
32304,,So_
32343,,mSo_
32386,,ѐΌSѓ쒬
32401,,S쒬
32441,,WqS{
32448,,WqS
32449,,WqSW쒬
32501,,SØa쒬
32505,,Sg꒬
32525,,BSCm
32526,,BSm
32527,,BSmv
32528,,BSB̓
33101,R,Rsk
33102,R,Rs
33103,R,Rs
33104,R,Rs
33202,R,q~s
33203,R,ÎRs
33204,R,ʖs
33205,R,}s
33207,R,䌴s
33208,R,Ўs
33209,R,s
33210,R,Vs
33211,R,Os
33212,R,˓s
33213,R,Ԕ֎s
33214,R,^s
33215,R,s
33216,R,s
33346,R,aCSaC
33423,R,sES
33445,R,S
33461,R,cS|
33586,R,^SV
33606,R,ϓcS쒬
33622,R,cS
33623,R,cSދ`
33643,R,pcSq
33663,R,vČSvē쒬
33666,R,vČS璬
33681,R,Sg
34101,L,Ls
34102,L,Ls
34103,L,Ls
34104,L,Ls
34105,L,Ls
34106,L,Lsk
34107,L,Ls|
34108,L,Ls
34202,L,s
34203,L,|s
34204,L,Os
34205,L,s
34207,L,Rs
34209,L,Os
34210,L,s
34211,L,|s
34212,L,Ls
34213,L,ss
34214,L,|cs
34215,L,]cs
34302,L,|S{
34304,L,|SCc
34307,L,|SF쒬
34309,L,|S⒬
34368,L,RS|c
34369,L,RSkL
34431,L,LcS㓇
34462,L,S
34545,L,_ΌS_΍
35201,R,֎s
35202,R,Fs
35203,R,Rs
35204,R,s
35206,R,h{s
35207,R,s
35208,R,⍑s
35210,R,s
35211,R,s
35212,R,s
35213,R,Is
35215,R,s
35216,R,Rzcs
35305,R,哇Sh哇
35321,R,όSaؒ
35341,R,FьS֒
35343,R,FьScz{
35344,R,FьS
35502,R,S
35504,R,S
36201,,s
36202,,s
36203,,s
36204,,s
36205,,gs
36206,,gs
36207,,ns
36208,,ODs
36301,,YSY
36302,,YS㏟
36321,,S߉͓
36341,,SΈ䒬
36342,,S_R
36368,,߉S߉꒬
36383,,CS
36387,,CSg
36388,,CSCz
36401,,SΒ
36402,,Sk
36403,,SZ
36404,,S쒬
36405,,S
36468,,nS邬
36489,,ODS݂悵
37201,쌧,s
37202,쌧,ۋTs
37203,쌧,os
37204,쌧,Pʎs
37205,쌧,ωs
37206,쌧,ʂs
37207,쌧,s
37208,쌧,OLs
37322,쌧,Sy
37324,쌧,S
37341,쌧,ؓcSOؒ
37364,쌧,S
37386,쌧,̌SFÒ
37387,쌧,̌S쒬
37403,쌧,xSՕ
37404,쌧,xSxÒ
37406,쌧,xS܂̂
38201,Q,Rs
38202,Q,s
38203,Q,Fas
38204,Q,ls
38205,Q,Vls
38206,Q,s
38207,Q,Fs
38210,Q,ɗ\s
38213,Q,ls
38214,Q,\s
38215,Q,s
38356,Q,zqS㓇
38386,Q,㕂Sv
38401,Q,ɗ\SO
38402,Q,ɗ\Su
38422,Q,쑽Sq
38442,Q,FaSɕ
38484,Q,kFaS쒬
38488,Q,kFaSSk
38506,Q,FaS쒬
39201,m,ms
39202,m,ˎs
39203,m,|s
39204,m,썑s
39205,m,ys
39206,m,{s
39208,m,hюs
39209,m,ys
39210,m,l\s
39211,m,s
39212,m,s
39301,m,|Sm
39302,m,|Sޔ
39303,m,|Sc쒬
39304,m,|Sc
39305,m,|Sk쑺
39306,m,|SnH
39307,m,|S|
39341,m,S{R
39344,m,SL
39363,m,ySy
39364,m,yS쑺
39386,m,S̒
39387,m,Sm쒬
39401,m,Sy
39402,m,S쒬
39403,m,Szm
39405,m,S
39410,m,S
39411,m,SÖ쒬
39412,m,Sl\
39424,m,S匎
39427,m,SO
39428,m,S
40101,,kBsi
40103,,kBsᏼ
40105,,kBs˔
40106,,kBsqk
40107,,kBsq
40108,,kBs
40109,,kBs
40131,,s
40132,,s
40133,,s
40134,,s
40135,,s
40136,,s
40137,,sǋ
40202,,喴cs
40203,,vĎs
40204,,s
40205,,ђˎs
40206,,cs
40207,,s
40210,,s
40211,,}s
40212,,s
40213,,ss
40214,,LOs
40215,,Ԏs
40216,,Ss
40217,,}s
40218,,ts
40219,,s
40220,,@s
40221,,ɕ{s
40223,,És
40224,,Îs
40225,,͎s
40226,,{s
40227,,Ös
40228,,qs
40229,,݂܎s
40230,,s
40231,,߉ϐs
40305,,}S߉ϐ쒬
40341,,SF
40342,,SI
40343,,Suƒ
40344,,S{
40345,,SV{
40348,,SvR
40349,,S
40381,,S
40382,,S
40383,,S_
40384,,S꒬
40401,,ƎS|
40402,,ƎSƎ蒬
40421,,ÕSj쒬
40447,,qS}O
40448,,qS
40503,,OS品
40522,,OkSؒ
40544,,SL쒬
40601,,cSt
40602,,cSYc
40604,,cSc
40605,,cS蒬
40608,,cSC
40609,,cSԑ
40610,,cSq
40621,,sSc
40625,,sS݂₱
40642,,zSgx
40646,,zSђ
40647,,zSz㒬
41201,ꌧ,s
41202,ꌧ,Îs
41203,ꌧ,s
41204,ꌧ,vs
41205,ꌧ,ɖs
41206,ꌧ,Ys
41207,ꌧ,s
41208,ꌧ,s
41209,ꌧ,s
41210,ꌧ,_s
41327,ꌧ,_Sg샖
41341,ꌧ,O{SR
41345,ꌧ,O{S
41346,ꌧ,O{S݂₫
41387,ꌧ,YSC
41401,ꌧ,YSLc
41423,ꌧ,nS咬
41424,ꌧ,nS]k
41425,ꌧ,nSΒ
41441,ꌧ,ÌSǒ
42201,茧,s
42202,茧,ێs
42203,茧,s
42204,茧,|s
42205,茧,呺s
42207,茧,ˎs
42208,茧,Ys
42209,茧,Δns
42210,茧,s
42211,茧,ܓs
42212,茧,Cs
42213,茧,_s
42214,茧,쓇s
42307,茧,ދnS^
42308,茧,ދnSÒ
42321,茧,ދnSދn
42322,茧,ދnSI
42323,茧,ދnSg
42383,茧,kYSl꒬
42388,茧,kYS]}
42389,茧,kYS
42391,茧,kYSX
42411,茧,쏼YSVܓ
43101,F{,F{s
43102,F{,F{s
43103,F{,F{s
43104,F{,F{s
43105,F{,F{sk
43201,F{,F{s
43202,F{,s
43203,F{,lgs
43204,F{,rs
43205,F{,s
43206,F{,ʖs
43208,F{,Rs
43210,F{,ers
43211,F{,Fys
43212,F{,Vs
43213,F{,Fs
43214,F{,hs
43215,F{,Vs
43216,F{,us
43341,F{,vS쒬
43348,F{,vS
43364,F{,ʖSʓ
43367,F{,ʖS֒
43368,F{,ʖSF
43369,F{,ʖSa
43385,F{,{SAؒ
43403,F{,erSÒ
43404,F{,erSez
43423,F{,hS쏬
43424,F{,hS
43425,F{,hSYR
43428,F{,hSX
43432,F{,hS
43433,F{,hS숢h
43441,F{,vSD
43442,F{,vSÓ
43443,F{,vSv钬
43444,F{,vSb
43447,F{,vSRs
43468,F{,SX쒬
43482,F{,kSk
43484,F{,kSÓޖؒ
43501,F{,Sђ
43505,F{,Sǖؒ
43506,F{,SO
43507,F{,S㑺
43510,F{,SǑ
43511,F{,Sܖؑ
43512,F{,SR]
43513,F{,S
43514,F{,S蒬
43531,F{,VSk
44201,啪,啪s
44202,啪,ʕ{s
44203,啪,Îs
44204,啪,cs
44205,啪,s
44206,啪,Pns
44207,啪,Ëvs
44208,啪,|cs
44209,啪,L㍂cs
44210,啪,nzs
44211,啪,Fs
44212,啪,Ls
44213,啪,Rzs
44214,啪,s
44322,啪,SP
44341,啪,So
44461,啪,Sd
44462,啪,S쒬
45201,{茧,{s
45202,{茧,ss
45203,{茧,s
45204,{茧,s
45205,{茧,юs
45206,{茧,s
45207,{茧,Ԏs
45208,{茧,ss
45209,{茧,т̎s
45301,{茧,{S
45341,{茧,kSOҒ
45361,{茧,S
45362,{茧,SK
45382,{茧,Sx
45383,{茧,S
45401,{茧,S璬
45402,{茧,SVx
45403,{茧,SėǑ
45404,{茧,S؏钬
45405,{茧,S쒬
45406,{茧,Ss_
45421,{茧,PnS쒬
45429,{茧,PnSˑ
45430,{茧,PnSŗt
45431,{茧,PnS
45441,{茧,PnS䒬
45442,{茧,PnSVe
45443,{茧,PnS܃
46201,,s
46203,,s
46204,,s
46206,,vs
46208,,os
46210,,whs
46213,,V\s
46214,,s
46215,,Fs
46216,,us
46217,,]s
46218,,s
46219,,ؖs
46220,,삳܎s
46221,,uzus
46222,,s
46223,,Bs
46224,,ɍs
46225,,ǎs
46303,,SO
46304,,S\
46392,,FSܒ
46404,,oS
46441,,ǌSؒ
46443,,ǌS
46452,,ǌSN
46468,,]S蒬
46482,,̑Sǒ
46490,,̑Sэ]
46491,,̑S
46492,,̑S̕t
46501,,FьSq
46502,,FьSq
46505,,FьSv
46523,,哇Sa
46524,,哇SF
46525,,哇S˓
46527,,哇S
46529,,哇SE
46530,,哇SV
46531,,哇SV钬
46532,,哇Sɐ咬
46533,,哇Sa
46534,,哇Sm
46535,,哇S^_
47201,ꌧ,ߔes
47205,ꌧ,Xps
47207,ꌧ,Ί_s
47208,ꌧ,YYs
47209,ꌧ,s
47210,ꌧ,s
47211,ꌧ,s
47212,ꌧ,Ls
47213,ꌧ,܎s
47214,ꌧ,{Ós
47215,ꌧ,s
47301,ꌧ,S
47302,ꌧ,SX
47303,ꌧ,S
47306,ꌧ,SAm
47308,ꌧ,S{
47311,ꌧ,S[
47313,ꌧ,SX
47314,ꌧ,S
47315,ꌧ,Sɍ]
47324,ꌧ,SǒJ
47325,ꌧ,SÎ[
47326,ꌧ,SkJ
47327,ꌧ,Sk鑺
47328,ꌧ,S鑺
47329,ꌧ,S
47348,ꌧ,KS^ߌ
47350,ꌧ,KS앗
47353,ꌧ,KSnÕ~
47354,ꌧ,KSԖ
47355,ꌧ,KS
47356,ꌧ,KSn쑺
47357,ꌧ,KS哌
47358,ꌧ,KSk哌
47359,ꌧ,KSɕ
47360,ꌧ,KSɐ
47361,ꌧ,KSvē
47362,ꌧ,KSd
47375,ꌧ,{ÌSǊԑ
47381,ꌧ,dRS|x
47382,ꌧ,dRS^ߍ
